No.,Ticker,Company,Country,Market Cap,Shares Float,Insider Ownership,Insider Transactions,Institutional Ownership,Institutional Transactions,Float Short,Short Interest,Performance (1 Minute),Performance (2 Minutes),Performance (3 Minutes),Performance (5 Minutes),Performance (10 Minutes),Performance (15 Minutes),Performance (30 Minutes),Performance (1 Hour),Performance (2 Hours),Performance (4 Hours),Performance (Week),Performance (Month),Performance (Quarter),Performance (Half Year),Performance (Year),Performance (YTD),Average True Range,Volatility (Week),Volatility (Month),20-Day Simple Moving Average,50-Day Simple Moving Average,200-Day Simple Moving Average,Earnings Date,Change from Open,Gap,Average Volume,Relative Volume,Volume,Prev Close,Open,High,Low,Price,Change,After-Hours Close,timestamp
4,AMIX,Autonomix Medical Inc.,USA,26.5,8.19,56.40%,0.00%,0.18%,,0.39%,0.03,-0.68%,-3.39%,-8.42%,-2.74%,10.17%,39.63%,76.51%,76.51%,76.51%,76.51%,165.09%,0.02%,-50.69%,,,-72.18%,0.24,10.71%,21.16%,51.48%,-21.17%,-49.99%,,138.91%,-4.48%,465.28,452.22,10520587,0.62,0.59,1.57,0.58,1.41,128.20%,,2024-07-15 08:15:00
4,AMIX,Autonomix Medical Inc.,USA,23.87,8.19,56.40%,0.00%,0.18%,,0.39%,0.03,0.84%,0.82%,-1.53%,0.82%,-12.99%,-17.51%,58.99%,58.99%,58.99%,58.99%,138.78%,-9.91%,-55.58%,,,-74.94%,0.24,10.71%,21.16%,36.44%,-29.00%,-54.95%,,115.20%,-4.48%,465.28,592.32,13779926,0.62,0.59,1.57,0.58,1.27,105.55%,,2024-07-15 08:30:00
6,AMIX,Autonomix Medical Inc.,USA,19.54,8.19,56.40%,0.00%,0.18%,,0.39%,0.03,-0.95%,2.95%,5.04%,2.98%,1.96%,-21.80%,-32.47%,30.16%,30.16%,30.16%,95.49%,-26.24%,-63.64%,,,-79.49%,0.24,10.71%,21.16%,11.70%,-41.87%,-63.12%,,76.18%,-4.48%,465.28,818.16,19033876,0.62,0.59,1.57,0.58,1.04,68.28%,,2024-07-15 08:45:00
5,AMIX,Autonomix Medical Inc.,USA,19.17,8.19,56.40%,0.00%,0.18%,,0.39%,0.03,0.99%,2.00%,0.00%,3.03%,-3.77%,-2.86%,-23.31%,27.66%,27.66%,27.66%,91.73%,-27.66%,-64.34%,,,-79.88%,0.24,10.71%,21.16%,9.56%,-42.99%,-63.83%,,72.79%,-4.48%,465.28,920.16,21406753,0.62,0.59,1.57,0.58,1.02,65.05%,,2024-07-15 09:00:00
5,AMIX,Autonomix Medical Inc.,USA,19.17,8.19,56.40%,0.00%,0.18%,,0.39%,0.03,0.01%,2.51%,3.03%,3.53%,3.67%,3.90%,-2.86%,-33.77%,27.66%,27.66%,91.73%,-27.66%,-64.34%,,,-79.88%,0.24,10.71%,21.16%,9.56%,-42.99%,-63.83%,,72.79%,-4.48%,465.28,965.09,22451941,0.62,0.59,1.57,0.58,1.02,65.05%,,2024-07-15 09:15:00
7,AMIX,Autonomix Medical Inc.,USA,18.32,8.19,56.40%,0.00%,0.18%,,0.39%,0.03,0.52%,-0.40%,-1.55%,-2.04%,-1.71%,-3.47%,-0.68%,-26.69%,22.03%,22.03%,83.27%,-30.85%,-65.91%,,,-80.77%,0.2,10.71%,21.16%,4.72%,-45.50%,-65.42%,,3.15%,52.94%,465.28,1014.41,23599503,0.62,0.95,1.01,0.95,0.98,57.77%,,2024-07-15 09:30:00
5,AMIX,Autonomix Medical Inc.,USA,22.92,8.19,56.40%,0.00%,0.18%,,0.39%,0.03,5.16%,15.11%,23.24%,23.23%,27.08%,25.77%,19.62%,16.19%,52.69%,52.69%,129.32%,-13.48%,-57.34%,,,-75.94%,0.22,10.71%,21.16%,31.04%,-31.81%,-56.73%,,29.07%,52.94%,465.28,844.69,33054234,0.62,0.95,1.22,0.91,1.22,97.41%,,2024-07-15 09:45:00
7,AMIX,Autonomix Medical Inc.,USA,22.36,8.19,56.40%,0.00%,0.18%,,0.39%,0.03,0.00%,13.33%,8.68%,15.72%,17.99%,11.21%,26.99%,21.22%,48.94%,48.94%,123.68%,-15.60%,-58.39%,,,-76.53%,0.22,10.71%,21.16%,27.81%,-33.49%,-57.80%,,25.90%,52.94%,465.28,681.1,39003923,0.62,0.95,1.22,0.91,1.19,92.56%,,2024-07-15 10:00:00
3,CDT,Conduit Pharmaceuticals Inc,USA,21.04,10.34,86.00%,0.00%,2.18%,1.77%,0.71%,0.07,0.00%,0.00%,-1.11%,-1.11%,-1.11%,-1.11%,-1.11%,-1.11%,-1.11%,-1.11%,-43.00%,-86.74%,-91.04%,-93.64%,-97.28%,-93.74%,0.22,34.09%,31.28%,-72.53%,-86.86%,-90.36%,,-1.11%,9.79%,259.24,7.78,100806,0.26,0.29,0.29,0.28,0.28,8.57%,,2024-07-15 07:15:00
6,CDT,Conduit Pharmaceuticals Inc,USA,21.34,10.34,86.00%,0.00%,2.18%,1.77%,0.71%,0.07,0.00%,-0.34%,-0.34%,1.05%,1.05%,0.70%,0.70%,0.28%,0.28%,0.28%,-42.20%,-86.56%,-90.91%,-93.55%,-97.24%,-93.65%,0.22,34.09%,31.28%,-72.15%,-86.68%,-90.22%,,0.28%,9.79%,259.24,11.05,143252,0.26,0.29,0.29,0.28,0.29,10.10%,,2024-07-15 07:30:00
6,CDT,Conduit Pharmaceuticals Inc,USA,21.34,10.34,86.00%,0.00%,2.18%,1.77%,0.71%,0.07,0.00%,-0.34%,-0.34%,1.05%,1.05%,0.70%,0.70%,0.28%,0.28%,0.28%,-42.20%,-86.56%,-90.91%,-93.55%,-97.24%,-93.65%,0.22,34.09%,31.28%,-72.15%,-86.68%,-90.22%,,0.28%,9.79%,259.24,11.05,143252,0.26,0.29,0.29,0.28,0.29,10.10%,,2024-07-15 07:45:00
7,CDT,Conduit Pharmaceuticals Inc,USA,21.34,10.34,86.00%,0.00%,2.18%,1.77%,0.71%,0.07,0.00%,-0.69%,-0.34%,-0.07%,-0.34%,-0.34%,1.05%,0.28%,0.28%,0.28%,-42.20%,-86.56%,-90.91%,-93.55%,-97.24%,-93.65%,0.22,34.09%,31.28%,-72.15%,-86.68%,-90.22%,,0.28%,9.79%,259.24,15.25,197707,0.26,0.29,0.3,0.28,0.29,10.10%,,2024-07-15 08:00:00
7,CDT,Conduit Pharmaceuticals Inc,USA,21.28,10.34,86.00%,0.00%,2.18%,1.77%,0.71%,0.07,-0.62%,-0.62%,-0.62%,-0.59%,1.19%,2.75%,-0.62%,0.42%,0.00%,0.00%,-42.36%,-86.60%,-90.94%,-93.57%,-97.25%,-93.67%,0.22,34.09%,31.28%,-72.22%,-86.71%,-90.25%,,0.00%,9.79%,259.24,18.4,238529,0.26,0.29,0.3,0.28,0.29,9.79%,,2024-07-15 08:15:00
7,CDT,Conduit Pharmaceuticals Inc,USA,20.69,10.34,86.00%,0.00%,2.18%,1.77%,0.71%,0.07,0.00%,0.00%,0.00%,0.00%,0.04%,-3.34%,-3.68%,-2.13%,-2.74%,-2.74%,-43.94%,-86.96%,-91.19%,-93.74%,-97.32%,-93.84%,0.22,34.09%,31.28%,-72.98%,-87.08%,-90.52%,,-2.74%,9.79%,259.24,19.28,249955,0.26,0.29,0.3,0.28,0.28,6.78%,,2024-07-15 08:30:00
9,CDT,Conduit Pharmaceuticals Inc,USA,20.69,10.34,86.00%,0.00%,2.18%,1.77%,0.71%,0.07,0.00%,0.00%,0.00%,0.00%,0.00%,0.00%,-3.28%,-3.01%,-2.74%,-2.74%,-43.94%,-86.96%,-91.19%,-93.74%,-97.32%,-93.84%,0.22,34.09%,31.28%,-72.98%,-87.08%,-90.52%,,-2.74%,9.79%,259.24,19.8,256656,0.26,0.29,0.3,0.28,0.28,6.78%,,2024-07-15 08:45:00
8,CDT,Conduit Pharmaceuticals Inc,USA,20.69,10.34,86.00%,0.00%,2.18%,1.77%,0.71%,0.07,0.00%,0.00%,0.00%,0.00%,0.00%,0.00%,0.00%,-3.34%,-2.74%,-2.74%,-43.94%,-86.96%,-91.19%,-93.74%,-97.32%,-93.84%,0.22,34.09%,31.28%,-72.98%,-87.08%,-90.52%,,-2.74%,9.79%,259.24,21.13,273920,0.26,0.29,0.3,0.28,0.28,6.78%,,2024-07-15 09:00:00
8,CDT,Conduit Pharmaceuticals Inc,USA,21.19,10.34,86.00%,0.00%,2.18%,1.77%,0.71%,0.07,-0.69%,2.14%,2.32%,2.35%,2.35%,0.42%,2.39%,-1.03%,0.00%,-0.42%,-42.60%,-86.65%,-90.97%,-93.59%,-97.26%,-93.69%,0.22,34.09%,31.28%,-72.34%,-86.77%,-90.29%,,-0.42%,9.79%,259.24,25.12,325550,0.26,0.29,0.3,0.28,0.29,9.33%,,2024-07-15 09:15:00
10,CDT,Conduit Pharmaceuticals Inc,USA,20.67,10.34,86.00%,0.00%,2.18%,1.77%,0.71%,0.07,0.00%,-2.34%,-2.34%,-2.34%,-0.53%,-0.53%,-2.03%,-0.11%,-2.10%,-2.85%,-44.00%,-86.98%,-91.19%,-93.75%,-97.33%,-93.85%,0.22,34.09%,31.28%,-73.01%,-87.09%,-90.53%,,0.00%,6.67%,259.24,28.46,368959,0.26,0.28,0.28,0.28,0.28,6.67%,,2024-07-15 09:30:00
8,CDT,Conduit Pharmaceuticals Inc,USA,19.43,10.34,86.00%,0.00%,2.18%,1.77%,0.71%,0.07,0.00%,0.00%,0.00%,0.00%,-0.68%,-5.73%,-6.50%,-6.10%,-9.24%,-8.67%,-47.36%,-87.76%,-91.72%,-94.12%,-97.49%,-94.22%,0.22,34.09%,31.28%,-74.63%,-87.87%,-91.10%,,-6.00%,6.67%,259.24,27.62,619689,0.26,0.28,0.28,0.26,0.26,0.27%,,2024-07-15 09:45:00
2,CGBS,Crown LNG Holdings Ltd .,United Kingdom,30.39,1.36,84.60%,0.00%,9.76%,-6.10%,0.02%,0.0,0.00%,0.00%,0.00%,0.00%,-0.31%,-0.31%,-0.61%,-0.61%,-1.52%,-3.85%,-62.14%,-70.73%,-69.57%,-68.87%,-65.87%,-69.18%,1.84,60.13%,31.70%,-59.89%,-66.65%,-67.99%,,-9.97%,58.09%,321.93,311.88,15755775,2.41,3.81,4.25,3.05,3.43,42.32%,3.25,2024-07-15 07:00:00
1,CGBS,Crown LNG Holdings Ltd .,United Kingdom,34.29,1.36,84.60%,0.00%,9.76%,-6.10%,0.02%,0.0,0.00%,-0.77%,-1.02%,1.04%,-2.76%,-2.76%,-2.76%,-2.76%,-2.76%,-2.76%,-53.37%,-66.99%,-65.93%,-64.95%,-61.49%,-65.23%,1.75,60.13%,31.70%,-52.44%,-61.79%,-63.77%,,-4.91%,18.66%,321.93,252.79,4069057,3.43,4.07,4.08,3.81,3.87,12.83%,,2024-07-15 07:15:00
2,CGBS,Crown LNG Holdings Ltd .,United Kingdom,32.78,1.36,84.60%,0.00%,9.76%,-6.10%,0.02%,0.0,-0.54%,-0.54%,-1.07%,-1.60%,0.27%,-3.14%,-1.33%,-7.04%,-7.04%,-7.04%,-55.42%,-68.44%,-67.43%,-66.49%,-63.18%,-66.76%,1.75,60.13%,31.70%,-54.52%,-63.47%,-65.36%,,-9.09%,18.66%,321.93,266.3,4286492,3.43,4.07,4.08,3.56,3.7,7.87%,,2024-07-15 07:30:00
2,CGBS,Crown LNG Holdings Ltd .,United Kingdom,32.78,1.36,84.60%,0.00%,9.76%,-6.10%,0.02%,0.0,-0.54%,-0.54%,-1.07%,-1.60%,0.27%,-3.14%,-1.33%,-7.04%,-7.04%,-7.04%,-55.42%,-68.44%,-67.43%,-66.49%,-63.18%,-66.76%,1.75,60.13%,31.70%,-54.52%,-63.47%,-65.36%,,-9.09%,18.66%,321.93,266.3,4286492,3.43,4.07,4.08,3.56,3.7,7.87%,,2024-07-15 07:45:00
2,CGBS,Crown LNG Holdings Ltd .,United Kingdom,32.77,1.36,84.60%,0.00%,9.76%,-6.10%,0.02%,0.0,0.00%,1.89%,2.17%,0.78%,-1.63%,-0.30%,-3.18%,-7.07%,-7.07%,-7.07%,-55.44%,-68.45%,-67.44%,-66.50%,-63.20%,-66.77%,1.75,60.13%,31.70%,-54.54%,-63.48%,-65.38%,,-9.12%,18.66%,321.93,280.98,4522776,3.43,4.07,4.08,3.55,3.7,7.83%,,2024-07-15 08:00:00
1,CGBS,Crown LNG Holdings Ltd .,United Kingdom,32.43,1.36,84.60%,0.00%,9.76%,-6.10%,0.02%,0.0,0.26%,-1.04%,0.27%,0.27%,-2.40%,-2.92%,-2.40%,-3.94%,-8.04%,-8.04%,-55.90%,-68.78%,-67.78%,-66.85%,-63.58%,-67.12%,1.75,60.13%,31.70%,-55.02%,-63.87%,-65.74%,,-10.07%,18.66%,321.93,289.5,4660040,3.43,4.07,4.08,3.55,3.66,6.71%,,2024-07-15 08:15:00
1,CGBS,Crown LNG Holdings Ltd .,United Kingdom,33.31,1.36,84.60%,0.00%,9.76%,-6.10%,0.02%,0.0,0.26%,1.62%,1.08%,1.62%,0.01%,1.67%,1.62%,-1.57%,-5.53%,-5.53%,-54.70%,-67.93%,-66.90%,-65.94%,-62.59%,-66.22%,1.75,60.13%,31.70%,-53.79%,-62.88%,-64.80%,,-7.62%,18.66%,321.93,291.17,4686823,3.43,4.07,4.08,3.55,3.76,9.62%,,2024-07-15 08:30:00
2,CGBS,Crown LNG Holdings Ltd .,United Kingdom,32.69,1.36,84.60%,0.00%,9.76%,-6.10%,0.02%,0.0,1.64%,1.93%,1.65%,0.27%,0.00%,-1.34%,-0.23%,-0.54%,-7.29%,-7.29%,-55.54%,-68.53%,-67.52%,-66.58%,-63.28%,-66.85%,1.75,60.13%,31.70%,-54.65%,-63.57%,-65.46%,,-9.34%,18.66%,321.93,295.96,4763937,3.43,4.07,4.08,3.55,3.69,7.58%,,2024-07-15 08:45:00
1,CGBS,Crown LNG Holdings Ltd .,United Kingdom,32.68,1.36,84.60%,0.00%,9.76%,-6.10%,0.02%,0.0,0.24%,0.80%,0.79%,0.52%,1.63%,1.62%,-1.63%,-0.30%,-7.31%,-7.31%,-55.55%,-68.54%,-67.53%,-66.59%,-63.29%,-66.86%,1.75,60.13%,31.70%,-54.66%,-63.58%,-65.47%,,-9.36%,18.66%,321.93,298.41,4803420,3.43,4.07,4.08,3.55,3.69,7.55%,,2024-07-15 09:00:00
1,CGBS,Crown LNG Holdings Ltd .,United Kingdom,33.76,1.36,84.60%,0.00%,9.76%,-6.10%,0.02%,0.0,1.76%,-1.81%,-3.05%,0.00%,3.27%,3.28%,4.95%,4.38%,1.60%,-4.27%,-54.10%,-67.51%,-66.46%,-65.49%,-62.09%,-65.77%,1.75,60.13%,31.70%,-53.17%,-62.38%,-64.33%,,-6.39%,18.66%,321.93,306.67,4936320,3.43,4.07,4.08,3.55,3.81,11.08%,,2024-07-15 09:15:00
1,CGBS,Crown LNG Holdings Ltd .,United Kingdom,33.05,1.36,84.60%,0.00%,9.76%,-6.10%,0.02%,0.0,-0.80%,1.63%,1.08%,0.81%,-0.57%,-1.58%,1.08%,-0.27%,-2.36%,-6.28%,-55.06%,-68.19%,-67.17%,-66.21%,-62.89%,-66.49%,1.73,60.13%,31.70%,-54.16%,-63.17%,-65.08%,,1.36%,7.29%,321.93,311.91,5020775,3.43,3.68,3.73,3.68,3.73,8.75%,,2024-07-15 09:30:00
4,DJT,Trump Media & Technology Group Corp.,USA,8623.28,47.29,75.10%,0.00%,1.19%,3.55%,11.04%,5.22,-0.22%,-1.00%,-1.05%,-2.09%,-3.18%,-4.32%,-4.32%,-4.32%,-4.32%,-4.32%,49.74%,10.92%,39.31%,168.32%,247.89%,159.43%,4.44,6.09%,10.69%,39.50%,8.85%,42.29%,5/20/2024 8:30:00 AM,-8.95%,61.41%,6832.51,23.65,8079655,30.89,49.86,49.86,45.4,45.4,46.97%,,2024-07-15 07:15:00
7,DJT,Trump Media & Technology Group Corp.,USA,8630.87,47.29,75.10%,0.00%,1.19%,3.55%,11.04%,5.22,0.31%,-0.46%,-0.96%,1.20%,-1.05%,-1.28%,0.91%,-4.24%,-4.24%,-4.24%,49.87%,11.02%,39.43%,168.56%,248.20%,159.66%,4.44,6.09%,10.69%,39.62%,8.94%,42.41%,5/20/2024 8:30:00 AM,-8.86%,61.41%,6832.51,27.27,9315059,30.89,49.86,49.86,44.9,45.44,47.10%,,2024-07-15 07:30:00
7,DJT,Trump Media & Technology Group Corp.,USA,8630.87,47.29,75.10%,0.00%,1.19%,3.55%,11.04%,5.22,0.31%,-0.46%,-0.96%,1.20%,-1.05%,-1.28%,0.91%,-4.24%,-4.24%,-4.24%,49.87%,11.02%,39.43%,168.56%,248.20%,159.66%,4.44,6.09%,10.69%,39.62%,8.94%,42.41%,5/20/2024 8:30:00 AM,-8.86%,61.41%,6832.51,27.27,9315059,30.89,49.86,49.86,44.9,45.44,47.10%,,2024-07-15 07:45:00
8,DJT,Trump Media & Technology Group Corp.,USA,8623.28,47.29,75.10%,0.00%,1.19%,3.55%,11.04%,5.22,0.27%,-0.48%,-0.81%,0.13%,-0.09%,0.33%,-1.37%,-4.32%,-4.32%,-4.32%,49.74%,10.92%,39.31%,168.32%,247.89%,159.43%,4.77,6.09%,10.69%,39.50%,8.85%,42.29%,5/20/2024 8:30:00 AM,-8.95%,61.41%,6832.51,32.29,11030123,30.89,49.86,54.47,44.3,45.4,46.97%,,2024-07-15 08:00:00
8,DJT,Trump Media & Technology Group Corp.,USA,8718.25,47.29,75.10%,0.00%,1.19%,3.55%,11.04%,5.22,-0.08%,-0.04%,-0.67%,-0.93%,0.61%,0.07%,1.01%,-0.43%,-3.27%,-3.27%,51.39%,12.14%,40.84%,171.28%,251.72%,162.29%,4.77,6.09%,10.69%,41.04%,10.04%,43.85%,5/20/2024 8:30:00 AM,-7.94%,61.41%,6832.51,36.76,12556574,30.89,49.86,54.47,37.4,45.9,48.59%,,2024-07-15 08:15:00
8,DJT,Trump Media & Technology Group Corp.,USA,8691.65,47.29,75.10%,0.00%,1.19%,3.55%,11.04%,5.22,-0.15%,0.13%,0.22%,-0.33%,1.08%,-0.97%,0.35%,-0.59%,-3.56%,-3.56%,50.92%,11.80%,40.41%,170.45%,250.65%,161.49%,4.77,6.09%,10.69%,40.61%,9.71%,43.42%,5/20/2024 8:30:00 AM,-8.22%,61.41%,6832.51,37.85,12931612,30.89,49.86,54.47,37.4,45.76,48.14%,,2024-07-15 08:30:00
10,DJT,Trump Media & Technology Group Corp.,USA,8672.66,47.29,75.10%,0.00%,1.19%,3.55%,11.04%,5.22,-0.15%,0.04%,0.73%,1.15%,0.93%,-0.06%,-1.19%,0.91%,-3.77%,-3.77%,50.59%,11.56%,40.10%,169.86%,249.89%,160.91%,4.77,6.09%,10.69%,40.30%,9.47%,43.10%,5/20/2024 8:30:00 AM,-8.42%,61.41%,6832.51,39.47,13485334,30.89,49.86,54.47,37.4,45.66,47.81%,,2024-07-15 08:45:00
9,DJT,Trump Media & Technology Group Corp.,USA,8874.0,47.29,75.10%,0.00%,1.19%,3.55%,11.04%,5.22,0.13%,0.58%,0.69%,0.22%,2.25%,1.06%,2.26%,2.46%,-1.54%,-1.54%,54.09%,14.15%,43.36%,176.12%,258.01%,166.97%,4.77,6.09%,10.69%,43.56%,12.01%,46.42%,5/20/2024 8:30:00 AM,-6.30%,61.41%,6832.51,41.98,14341021,30.89,49.86,54.47,37.4,46.72,51.25%,,2024-07-15 09:00:00
9,DJT,Trump Media & Technology Group Corp.,USA,9105.72,47.29,75.10%,0.00%,1.19%,3.55%,11.04%,5.22,-0.10%,0.52%,-0.13%,1.57%,1.26%,1.83%,3.70%,3.74%,6.46%,1.03%,58.11%,17.13%,47.10%,183.33%,267.36%,173.94%,4.77,6.09%,10.69%,47.31%,14.94%,50.25%,5/20/2024 8:30:00 AM,-3.85%,61.41%,6832.51,45.88,15675262,30.89,49.86,54.47,37.4,47.94,55.20%,,2024-07-15 09:15:00
17,DJT,Trump Media & Technology Group Corp.,USA,8590.99,47.29,75.10%,0.00%,1.19%,3.55%,11.04%,5.22,-2.21%,-2.04%,-3.77%,-4.30%,-3.42%,-5.36%,-3.93%,-1.00%,-1.74%,-4.68%,49.18%,10.51%,38.78%,167.32%,246.59%,158.46%,4.19,6.09%,10.69%,38.98%,8.44%,41.75%,5/20/2024 8:30:00 AM,-2.21%,49.72%,6832.51,52.56,17956038,30.89,46.25,46.26,45.15,45.23,46.42%,,2024-07-15 09:30:00
30,DJT,Trump Media & Technology Group Corp.,USA,7377.61,47.29,75.10%,0.00%,1.19%,3.55%,11.04%,5.22,-0.47%,-3.93%,-3.74%,-5.25%,-8.24%,-9.96%,-18.73%,-15.98%,-14.16%,-18.14%,28.11%,-5.10%,19.18%,129.56%,197.64%,121.95%,4.19,6.09%,10.69%,19.35%,-6.88%,21.73%,5/20/2024 8:30:00 AM,-16.02%,49.72%,6832.51,51.09,30206463,30.89,46.25,46.26,38.77,38.84,25.74%,,2024-07-15 09:45:00
50,DJT,Trump Media & Technology Group Corp.,USA,7875.01,47.29,75.10%,0.00%,1.19%,3.55%,11.04%,5.22,0.78%,-0.04%,-0.24%,1.77%,5.12%,7.66%,-3.89%,-11.94%,-9.08%,-12.62%,36.74%,1.30%,27.22%,145.04%,217.70%,136.92%,4.19,6.09%,10.69%,27.40%,-0.60%,29.94%,5/20/2024 8:30:00 AM,-10.36%,49.72%,6832.51,44.6,37504123,30.89,46.25,46.26,38.06,41.46,34.22%,,2024-07-15 10:00:00
14,GNS,Genius Group Ltd,Singapore,52.42,176.4,5.23%,0.00%,1.11%,,1.65%,2.91,0.04%,0.14%,0.57%,-0.88%,1.33%,0.57%,-6.10%,-6.10%,-6.10%,-6.10%,10.87%,0.21%,-37.18%,-45.11%,-60.42%,-57.52%,0.03,7.15%,7.97%,8.88%,-9.23%,-42.82%,5/16/2024 8:30:00 AM,9.70%,3.34%,3182.07,10.14,1614035,0.25,0.26,0.31,0.25,0.28,13.37%,,2024-07-15 08:15:00
15,GNS,Genius Group Ltd,Singapore,52.75,176.4,5.23%,0.00%,1.11%,,1.65%,2.91,-0.77%,-1.43%,-6.71%,-8.58%,-0.56%,1.21%,-5.50%,-5.50%,-5.50%,-5.50%,11.57%,0.85%,-36.78%,-44.76%,-60.17%,-57.25%,0.03,7.15%,7.97%,9.57%,-8.65%,-42.46%,5/16/2024 8:30:00 AM,10.40%,3.34%,3182.07,21.8,3468162,0.25,0.26,0.33,0.25,0.28,14.09%,,2024-07-15 08:30:00
17,GNS,Genius Group Ltd,Singapore,53.79,176.4,5.23%,0.00%,1.11%,,1.65%,2.91,-0.07%,-0.38%,2.92%,-3.99%,3.29%,1.40%,3.21%,-3.63%,-3.63%,-3.63%,13.78%,2.85%,-35.53%,-43.66%,-59.38%,-56.40%,0.03,7.15%,7.97%,11.74%,-6.84%,-41.32%,5/16/2024 8:30:00 AM,12.58%,3.34%,3182.07,26.68,4244289,0.25,0.26,0.33,0.25,0.29,16.34%,,2024-07-15 08:45:00
16,GNS,Genius Group Ltd,Singapore,52.12,176.4,5.23%,0.00%,1.11%,,1.65%,2.91,0.00%,-0.57%,1.45%,-0.36%,-1.41%,-2.41%,-1.75%,-6.64%,-6.64%,-6.64%,10.24%,-0.36%,-37.54%,-45.42%,-60.65%,-57.76%,0.03,7.15%,7.97%,8.26%,-9.74%,-43.15%,5/16/2024 8:30:00 AM,9.08%,3.34%,3182.07,28.33,4507924,0.25,0.26,0.33,0.25,0.28,12.72%,,2024-07-15 09:00:00
18,GNS,Genius Group Ltd,Singapore,52.4,176.4,5.23%,0.00%,1.11%,,1.65%,2.91,0.11%,-0.14%,-0.18%,-0.46%,1.26%,0.54%,-2.66%,-2.60%,-6.14%,-6.14%,10.83%,0.18%,-37.21%,-45.13%,-60.44%,-57.54%,0.03,7.15%,7.97%,8.84%,-9.26%,-42.84%,5/16/2024 8:30:00 AM,9.66%,3.34%,3182.07,29.41,4679230,0.25,0.26,0.33,0.25,0.28,13.33%,,2024-07-15 09:15:00
35,GNS,Genius Group Ltd,Singapore,57.22,176.4,5.23%,0.00%,1.11%,,1.65%,2.91,-3.94%,-0.03%,-0.81%,2.57%,4.20%,8.85%,9.79%,7.86%,2.50%,2.50%,21.02%,9.40%,-31.43%,-40.08%,-56.80%,-53.63%,0.03,7.15%,7.97%,18.85%,-0.91%,-37.58%,5/16/2024 8:30:00 AM,3.33%,19.77%,3182.07,36.85,5862653,0.25,0.3,0.31,0.29,0.31,23.75%,,2024-07-15 09:30:00
67,GNS,Genius Group Ltd,Singapore,52.12,176.4,5.23%,0.00%,1.11%,,1.65%,2.91,1.60%,-1.58%,0.00%,-0.92%,-2.44%,-9.68%,-0.85%,-2.41%,-6.64%,-6.64%,10.24%,-0.36%,-37.54%,-45.42%,-60.65%,-57.76%,0.03,7.15%,7.97%,8.26%,-9.74%,-43.15%,5/16/2024 8:30:00 AM,-5.88%,19.77%,3182.07,32.19,8863401,0.25,0.3,0.32,0.27,0.28,12.72%,,2024-07-15 09:45:00
102,GNS,Genius Group Ltd,Singapore,48.4,176.4,5.23%,0.00%,1.11%,,1.65%,2.91,-0.31%,0.00%,-0.84%,-2.48%,-4.02%,-6.78%,-16.13%,-7.14%,-13.30%,-13.30%,2.36%,-7.47%,-42.00%,-49.32%,-63.46%,-60.78%,0.03,7.15%,7.97%,0.53%,-16.19%,-47.21%,5/16/2024 8:30:00 AM,-12.61%,19.77%,3182.07,25.88,10133869,0.25,0.3,0.32,0.25,0.26,4.67%,,2024-07-15 10:00:00
1,IVP,Inspire Veterinary Partners Inc.,USA,10.57,0.95,4.58%,0.00%,1.24%,,39.57%,0.38,0.35%,0.42%,0.78%,0.43%,-0.09%,-0.01%,0.00%,0.61%,-10.29%,27.44%,609.40%,479.18%,113.54%,-41.15%,,-69.34%,1.52,97.88%,46.67%,379.58%,291.52%,-65.40%,,89.09%,0.00%,3201.59,16.46,41790244,5.59,5.59,11.94,5.59,10.57,89.09%,11.6,2024-07-15 07:00:00
1,IVP,Inspire Veterinary Partners Inc.,USA,10.92,0.95,4.58%,0.00%,1.24%,,39.57%,0.38,0.09%,0.92%,-3.36%,1.87%,-5.86%,-1.18%,13.28%,18.05%,18.05%,18.05%,267.68%,513.48%,114.54%,-38.82%,,-68.32%,1.65,97.88%,46.67%,313.09%,285.99%,-63.41%,,19.08%,-13.25%,3201.59,2.21,353209,10.57,9.17,12.39,9.17,10.92,3.31%,,2024-07-15 07:30:00
1,IVP,Inspire Veterinary Partners Inc.,USA,10.92,0.95,4.58%,0.00%,1.24%,,39.57%,0.38,0.09%,0.92%,-3.36%,1.87%,-5.86%,-1.18%,13.28%,18.05%,18.05%,18.05%,267.68%,513.48%,114.54%,-38.82%,,-68.32%,1.65,97.88%,46.67%,313.09%,285.99%,-63.41%,,19.08%,-13.25%,3201.59,2.21,353209,10.57,9.17,12.39,9.17,10.92,3.31%,,2024-07-15 07:45:00
1,IVP,Inspire Veterinary Partners Inc.,USA,10.8,0.95,4.58%,0.00%,1.24%,,39.57%,0.38,0.00%,0.00%,0.28%,0.66%,-4.42%,-1.99%,-7.45%,16.76%,16.76%,16.76%,263.66%,506.78%,112.19%,-39.49%,,-68.67%,1.66,97.88%,46.67%,308.57%,281.77%,-63.81%,,17.78%,-13.25%,3201.59,3.23,517636,10.57,9.17,12.49,9.06,10.8,2.18%,,2024-07-15 08:00:00
1,IVP,Inspire Veterinary Partners Inc.,USA,10.76,0.95,4.58%,0.00%,1.24%,,39.57%,0.38,0.00%,1.22%,1.80%,1.80%,3.12%,1.22%,2.67%,-2.36%,16.32%,16.32%,262.29%,504.49%,111.39%,-39.72%,,-68.78%,1.66,97.88%,46.67%,307.04%,280.33%,-63.95%,,17.34%,-13.25%,3201.59,3.71,593213,10.57,9.17,12.49,9.06,10.76,1.80%,,2024-07-15 08:45:00
1,IVP,Inspire Veterinary Partners Inc.,USA,12.55,0.95,4.58%,0.00%,1.24%,,39.57%,0.38,7.31%,8.66%,13.27%,16.31%,17.29%,18.40%,18.40%,20.28%,10.28%,35.68%,322.56%,605.06%,146.56%,-29.69%,,-63.59%,1.57,97.88%,46.67%,374.75%,343.60%,-57.95%,,20.67%,-1.61%,3201.59,3.97,1069403,10.57,10.4,12.55,10.4,12.55,18.73%,,2024-07-15 09:45:00
1,IVP,Inspire Veterinary Partners Inc.,USA,12.83,0.95,4.58%,0.00%,1.24%,,39.57%,0.38,-3.32%,-3.75%,0.94%,1.14%,-3.24%,-10.96%,18.91%,23.01%,17.71%,38.70%,331.99%,620.79%,152.06%,-28.12%,,-62.78%,1.73,97.88%,46.67%,385.34%,353.50%,-57.01%,,23.37%,-1.61%,3201.59,6.34,2499379,10.57,10.4,14.82,10.4,12.83,21.38%,,2024-07-15 10:00:00
4,MIRA,Mira Pharmaceuticals Inc,USA,13.57,9.75,34.05%,0.17%,4.20%,,0.16%,0.02,0.86%,-2.57%,0.32%,-1.03%,-0.68%,9.29%,29.30%,46.02%,46.02%,46.02%,67.58%,24.05%,1.94%,-6.79%,,-12.57%,0.1,11.12%,7.87%,41.24%,25.07%,-39.15%,05/29/2024,46.02%,6.70%,114.26,594.59,3396834,0.59,0.63,1.25,0.63,0.92,55.80%,,2024-07-15 07:30:00
4,MIRA,Mira Pharmaceuticals Inc,USA,13.57,9.75,34.05%,0.17%,4.20%,,0.16%,0.02,0.86%,-2.57%,0.32%,-1.03%,-0.68%,9.29%,29.30%,46.02%,46.02%,46.02%,67.58%,24.05%,1.94%,-6.79%,,-12.57%,0.1,11.12%,7.87%,41.24%,25.07%,-39.15%,05/29/2024,46.02%,6.70%,114.26,594.59,3396834,0.59,0.63,1.25,0.63,0.92,55.80%,,2024-07-15 07:45:00
5,MIRA,Mira Pharmaceuticals Inc,USA,15.52,9.75,34.05%,0.17%,4.20%,,0.16%,0.02,-1.86%,-2.77%,-5.40%,-5.40%,0.97%,14.14%,25.01%,67.03%,67.03%,67.03%,91.69%,41.91%,16.61%,6.62%,,0.01%,0.1,11.12%,7.87%,61.56%,43.06%,-30.39%,05/29/2024,67.03%,6.70%,114.26,1766.13,10089823,0.59,0.63,1.25,0.63,1.05,78.22%,,2024-07-15 08:00:00
5,MIRA,Mira Pharmaceuticals Inc,USA,13.19,9.75,34.05%,0.17%,4.20%,,0.16%,0.02,-0.32%,-1.98%,-4.08%,-4.96%,-4.59%,-8.31%,-16.63%,-16.63%,41.90%,41.90%,62.85%,20.55%,-0.93%,-9.42%,,-15.04%,0.1,11.12%,7.87%,37.25%,21.54%,-40.86%,05/29/2024,41.90%,6.70%,114.26,2197.72,12555437,0.59,0.63,1.25,0.63,0.89,51.41%,,2024-07-15 08:15:00
5,MIRA,Mira Pharmaceuticals Inc,USA,13.76,9.75,34.05%,0.17%,4.20%,,0.16%,0.02,-1.26%,-4.01%,-6.42%,-0.96%,0.42%,0.12%,-12.17%,10.85%,48.10%,48.10%,69.97%,25.82%,3.40%,-5.46%,,-11.32%,0.11,11.12%,7.87%,43.25%,26.85%,-38.28%,05/29/2024,48.10%,6.70%,114.26,2351.4,13433416,0.59,0.63,1.25,0.57,0.93,58.03%,,2024-07-15 08:30:00
7,MIRA,Mira Pharmaceuticals Inc,USA,15.37,9.75,34.05%,0.17%,4.20%,,0.16%,0.02,0.97%,10.86%,6.12%,13.06%,18.18%,10.72%,11.83%,13.04%,65.42%,65.42%,89.85%,40.54%,15.49%,5.59%,,-0.95%,0.11,11.12%,7.87%,60.01%,41.69%,-31.06%,05/29/2024,65.42%,6.70%,114.26,2501.33,14289972,0.59,0.63,1.25,0.57,1.04,76.51%,,2024-07-15 08:45:00
6,MIRA,Mira Pharmaceuticals Inc,USA,14.04,9.75,34.05%,0.17%,4.20%,,0.16%,0.02,2.12%,2.15%,0.00%,-2.06%,-0.89%,-3.56%,1.14%,-10.39%,51.11%,51.11%,73.42%,28.38%,5.50%,-3.54%,,-9.52%,0.11,11.12%,7.87%,46.16%,29.43%,-37.03%,05/29/2024,51.11%,6.70%,114.26,2619.59,14965565,0.59,0.63,1.25,0.57,0.95,61.24%,,2024-07-15 09:00:00
6,MIRA,Mira Pharmaceuticals Inc,USA,12.93,9.75,34.05%,0.17%,4.20%,,0.16%,0.02,-0.06%,-0.13%,-0.14%,-0.38%,-1.50%,-6.97%,-11.23%,-5.97%,23.17%,39.10%,59.64%,18.18%,-2.89%,-11.21%,,-16.71%,0.11,11.12%,7.87%,34.54%,19.14%,-42.03%,05/29/2024,39.10%,6.70%,114.26,2711.97,15493310,0.59,0.63,1.25,0.57,0.87,48.42%,,2024-07-15 09:15:00
8,MIRA,Mira Pharmaceuticals Inc,USA,12.69,9.75,34.05%,0.17%,4.20%,,0.16%,0.02,-6.29%,-1.56%,-1.90%,-4.62%,-7.62%,-2.45%,-8.68%,-8.61%,2.19%,36.54%,56.70%,16.00%,-4.68%,-12.84%,,-18.25%,0.08,11.12%,7.87%,32.07%,16.95%,-43.10%,05/29/2024,-2.45%,49.36%,114.26,2808.46,16044588,0.59,0.88,0.92,0.86,0.86,45.69%,,2024-07-15 09:30:00
6,MIRA,Mira Pharmaceuticals Inc,USA,12.23,9.75,34.05%,0.17%,4.20%,,0.16%,0.02,-0.97%,1.97%,-9.55%,-8.03%,0.35%,-2.86%,-5.95%,-15.99%,-10.04%,31.64%,51.08%,11.84%,-8.10%,-15.97%,,-21.18%,0.09,11.12%,7.87%,27.33%,12.75%,-45.14%,05/29/2024,-5.95%,49.36%,114.26,1989.49,19671661,0.59,0.88,0.98,0.81,0.83,40.46%,,2024-07-15 09:45:00
8,MIRA,Mira Pharmaceuticals Inc,USA,11.48,9.75,34.05%,0.17%,4.20%,,0.16%,0.02,1.80%,2.04%,1.41%,-2.75%,-5.06%,-4.10%,-8.83%,-17.36%,-26.72%,23.56%,41.80%,4.97%,-13.74%,-21.13%,,-26.02%,0.09,11.12%,7.87%,19.51%,5.83%,-48.51%,05/29/2024,-11.73%,49.36%,114.26,1517.05,21333692,0.59,0.88,0.98,0.75,0.78,31.84%,,2024-07-15 10:00:00
3,MLGO,MicroAlgo Inc,China,28.84,1.71,77.57%,0.00%,0.14%,-0.51%,134.57%,2.3,0.26%,-0.24%,0.80%,1.88%,-1.02%,-2.29%,-6.88%,7.67%,7.67%,7.67%,-40.78%,-13.47%,35.36%,-50.96%,-84.01%,-58.44%,2.75,40.44%,45.33%,-55.36%,-27.66%,-71.52%,,7.67%,2.33%,8718.83,2.43,1060335,3.44,3.52,4.13,3.49,3.79,10.17%,,2024-07-15 08:00:00
2,MLGO,MicroAlgo Inc,China,27.85,1.71,77.57%,0.00%,0.14%,-0.51%,134.57%,2.3,0.00%,-0.27%,-1.61%,-1.87%,-2.40%,-1.35%,-3.17%,-5.43%,3.98%,3.98%,-42.81%,-16.44%,30.71%,-52.65%,-84.56%,-59.87%,2.75,40.44%,45.33%,-56.89%,-30.14%,-72.49%,,3.98%,2.33%,8718.83,2.7,1178982,3.44,3.52,4.13,3.49,3.66,6.40%,,2024-07-15 08:15:00
2,MLGO,MicroAlgo Inc,China,27.62,1.71,77.57%,0.00%,0.14%,-0.51%,134.57%,2.3,0.28%,0.28%,0.28%,0.28%,0.00%,-2.68%,-3.97%,-9.70%,3.12%,3.12%,-43.28%,-17.12%,29.64%,-53.03%,-84.68%,-60.20%,2.75,40.44%,45.33%,-57.24%,-30.71%,-72.72%,,3.13%,2.33%,8718.83,2.93,1278841,3.44,3.52,4.13,3.49,3.63,5.52%,,2024-07-15 08:30:00
3,MLGO,MicroAlgo Inc,China,27.85,1.71,77.57%,0.00%,0.14%,-0.51%,134.57%,2.3,-0.81%,-0.81%,-1.03%,0.00%,0.27%,0.83%,-1.88%,-5.67%,3.98%,3.98%,-42.81%,-16.44%,30.71%,-52.65%,-84.56%,-59.87%,2.75,40.44%,45.33%,-56.89%,-30.14%,-72.49%,,3.98%,2.33%,8718.83,3.05,1327992,3.44,3.52,4.13,3.49,3.66,6.40%,,2024-07-15 08:45:00
2,MLGO,MicroAlgo Inc,China,26.86,1.71,77.57%,0.00%,0.14%,-0.51%,134.57%,2.3,-0.28%,-0.56%,-1.12%,-1.40%,-2.21%,-3.55%,-2.90%,-6.61%,0.28%,0.28%,-44.84%,-19.41%,26.07%,-54.33%,-85.11%,-61.29%,2.75,40.44%,45.33%,-58.42%,-32.62%,-73.47%,,0.28%,2.33%,8718.83,3.15,1373871,3.44,3.52,4.13,3.49,3.53,2.62%,,2024-07-15 09:00:00
2,MLGO,MicroAlgo Inc,China,27.32,1.71,77.57%,0.00%,0.14%,-0.51%,134.57%,2.3,0.00%,0.82%,0.85%,0.84%,0.28%,1.13%,-1.91%,-3.49%,-2.97%,1.99%,-43.91%,-18.04%,28.21%,-53.55%,-84.85%,-60.64%,2.75,40.44%,45.33%,-57.71%,-31.47%,-73.02%,,1.99%,2.33%,8718.83,3.21,1400883,3.44,3.52,4.13,3.49,3.59,4.36%,,2024-07-15 09:15:00
3,MLGO,MicroAlgo Inc,China,27.7,1.71,77.57%,0.00%,0.14%,-0.51%,134.57%,2.3,0.00%,-0.28%,0.27%,1.11%,1.67%,1.39%,2.53%,0.12%,-10.57%,3.41%,-43.13%,-16.90%,30.00%,-52.91%,-84.64%,-60.09%,2.71,40.44%,45.33%,-57.12%,-30.52%,-72.64%,,0.27%,5.52%,8718.83,3.39,1478465,3.44,3.63,3.65,3.6,3.64,5.81%,,2024-07-15 09:30:00
30,MWG,Multi Ways Holdings Ltd,Singapore,16.43,10.26,66.75%,0.00%,0.31%,,0.40%,0.04,0.00%,-0.94%,-0.94%,-0.92%,-0.92%,-0.92%,-0.92%,-0.92%,-0.94%,-0.94%,47.05%,54.60%,66.22%,101.47%,-4.62%,137.16%,0.07,24.24%,19.13%,45.36%,50.44%,66.00%,,36.64%,-1.80%,839.99,4.9,4252000,0.4,0.39,0.58,0.39,0.53,34.18%,0.52,2024-07-15 07:00:00
5,MWG,Multi Ways Holdings Ltd,Singapore,18.97,10.26,66.75%,0.00%,0.31%,,0.40%,0.04,-2.29%,4.63%,4.63%,-0.65%,6.03%,9.84%,19.74%,15.13%,15.13%,15.13%,36.94%,62.70%,96.49%,128.20%,0.02%,173.70%,0.08,24.24%,19.13%,64.28%,71.77%,91.21%,,18.50%,-2.61%,839.99,14.41,605371,0.53,0.52,0.64,0.51,0.62,15.41%,,2024-07-15 07:30:00
5,MWG,Multi Ways Holdings Ltd,Singapore,18.97,10.26,66.75%,0.00%,0.31%,,0.40%,0.04,-2.29%,4.63%,4.63%,-0.65%,6.03%,9.84%,19.74%,15.13%,15.13%,15.13%,36.94%,62.70%,96.49%,128.20%,0.02%,173.70%,0.08,24.24%,19.13%,64.28%,71.77%,91.21%,,18.50%,-2.61%,839.99,14.41,605371,0.53,0.52,0.64,0.51,0.62,15.41%,,2024-07-15 07:45:00
6,MWG,Multi Ways Holdings Ltd,Singapore,18.2,10.26,66.75%,0.00%,0.31%,,0.40%,0.04,0.00%,0.20%,0.20%,0.20%,0.20%,-2.43%,1.72%,10.45%,10.45%,10.45%,31.37%,56.08%,88.50%,118.92%,-4.05%,162.57%,0.08,24.24%,19.13%,57.60%,64.79%,83.44%,,13.68%,-2.61%,839.99,22.85,959755,0.53,0.52,0.65,0.51,0.59,10.71%,,2024-07-15 08:00:00
6,MWG,Multi Ways Holdings Ltd,Singapore,19.38,10.26,66.75%,0.00%,0.31%,,0.40%,0.04,-0.02%,-0.02%,1.35%,3.02%,3.22%,7.29%,3.92%,12.23%,17.63%,17.63%,39.92%,66.24%,100.77%,133.17%,2.20%,179.66%,0.08,24.24%,19.13%,67.86%,75.52%,95.38%,,21.08%,-2.61%,839.99,25.21,1058626,0.53,0.52,0.65,0.51,0.63,17.92%,,2024-07-15 08:15:00
6,MWG,Multi Ways Holdings Ltd,Singapore,17.92,10.26,66.75%,0.00%,0.31%,,0.40%,0.04,0.17%,-3.15%,-1.53%,-5.53%,0.26%,-4.77%,-2.97%,0.17%,8.76%,8.76%,29.37%,53.70%,85.62%,115.58%,-5.51%,158.57%,0.08,24.24%,19.13%,55.20%,62.28%,80.64%,,11.95%,-2.61%,839.99,28.94,1215464,0.53,0.52,0.65,0.51,0.58,9.03%,,2024-07-15 08:30:00
8,MWG,Multi Ways Holdings Ltd,Singapore,17.89,10.26,66.75%,0.00%,0.31%,,0.40%,0.04,0.00%,-1.69%,-1.94%,-1.94%,-1.69%,-0.17%,-6.45%,-4.08%,8.57%,8.57%,29.15%,53.44%,85.30%,115.21%,-5.68%,158.12%,0.08,24.24%,19.13%,54.93%,62.00%,80.33%,,11.75%,-2.61%,839.99,29.4,1234975,0.53,0.52,0.65,0.51,0.58,8.84%,,2024-07-15 08:45:00
7,MWG,Multi Ways Holdings Ltd,Singapore,18.5,10.26,66.75%,0.00%,0.31%,,0.40%,0.04,3.43%,1.69%,1.69%,2.21%,2.42%,1.44%,3.27%,0.20%,12.32%,12.32%,33.60%,58.73%,91.69%,122.63%,-2.42%,167.02%,0.08,24.24%,19.13%,60.27%,67.58%,86.55%,,15.61%,-2.61%,839.99,29.89,1255570,0.53,0.52,0.65,0.51,0.6,12.59%,,2024-07-15 09:00:00
7,MWG,Multi Ways Holdings Ltd,Singapore,19.27,10.26,66.75%,0.00%,0.31%,,0.40%,0.04,1.28%,-0.54%,-0.54%,-0.53%,3.61%,7.74%,5.66%,2.44%,11.63%,17.00%,39.17%,65.34%,99.68%,131.91%,1.64%,178.15%,0.08,24.24%,19.13%,66.95%,74.57%,94.32%,,20.42%,-2.61%,839.99,31.42,1319809,0.53,0.52,0.65,0.51,0.62,17.28%,,2024-07-15 09:15:00
9,MWG,Multi Ways Holdings Ltd,Singapore,19.43,10.26,66.75%,0.00%,0.31%,,0.40%,0.04,0.02%,1.60%,1.61%,-0.79%,0.17%,2.11%,5.00%,8.43%,8.62%,17.93%,40.28%,66.67%,101.28%,133.77%,2.46%,180.37%,0.07,24.24%,19.13%,68.29%,75.96%,95.88%,,0.83%,17.25%,839.99,34.27,1439138,0.53,0.62,0.62,0.62,0.63,18.22%,,2024-07-15 09:30:00
7,MWG,Multi Ways Holdings Ltd,Singapore,20.35,10.26,66.75%,0.00%,0.31%,,0.40%,0.04,-1.62%,-1.17%,0.12%,-4.39%,-9.65%,5.21%,6.97%,11.58%,9.15%,23.55%,46.96%,74.60%,110.86%,144.90%,7.33%,193.72%,0.09,24.24%,19.13%,76.30%,84.34%,105.20%,,5.63%,17.25%,839.99,41.25,2998322,0.53,0.62,0.78,0.62,0.66,23.85%,,2024-07-15 09:45:00
9,MWG,Multi Ways Holdings Ltd,Singapore,18.34,10.26,66.75%,0.00%,0.31%,,0.40%,0.04,-1.15%,-2.54%,-2.49%,-3.91%,6.20%,-11.34%,-5.57%,2.53%,-0.67%,11.34%,32.44%,57.35%,90.03%,120.71%,-3.27%,164.71%,0.09,24.24%,19.13%,58.88%,66.13%,84.93%,,-4.80%,17.25%,839.99,36.61,3710104,0.53,0.62,0.78,0.55,0.59,11.62%,,2024-07-15 10:00:00
16,NAK,Northern Dynasty Minerals Ltd.,Canada,198.96,526.75,2.04%,0.00%,13.83%,0.07%,1.25%,6.6,0.00%,0.00%,0.00%,2.83%,0.00%,1.65%,5.26%,5.26%,5.26%,5.26%,16.21%,30.51%,5.71%,31.21%,45.15%,14.44%,0.02,6.56%,5.52%,22.02%,22.88%,21.42%,5/17/2024 8:30:00 AM,9.96%,-1.09%,999.23,2.13,106171,0.34,0.34,0.37,0.34,0.37,8.76%,,2024-07-15 08:30:00
19,NAK,Northern Dynasty Minerals Ltd.,Canada,198.42,526.75,2.04%,0.00%,13.83%,0.07%,1.25%,6.6,0.00%,0.00%,0.00%,2.50%,0.00%,-0.27%,1.37%,4.98%,4.98%,4.98%,15.89%,30.16%,5.43%,30.85%,44.76%,14.14%,0.02,6.56%,5.52%,21.69%,22.55%,21.10%,5/17/2024 8:30:00 AM,9.66%,-1.09%,999.23,2.89,144302,0.34,0.34,0.37,0.34,0.37,8.47%,,2024-07-15 08:45:00
18,NAK,Northern Dynasty Minerals Ltd.,Canada,201.59,526.75,2.04%,0.00%,13.83%,0.07%,1.25%,6.6,-0.03%,0.00%,-0.69%,-1.34%,-0.03%,1.30%,1.32%,6.66%,6.66%,6.66%,17.74%,32.24%,7.11%,32.94%,47.08%,15.96%,0.02,6.56%,5.52%,23.64%,24.51%,23.03%,5/17/2024 8:30:00 AM,11.41%,-1.09%,999.23,4.59,229401,0.34,0.34,0.38,0.34,0.37,10.20%,,2024-07-15 09:00:00
22,NAK,Northern Dynasty Minerals Ltd.,Canada,199.01,526.75,2.04%,0.00%,13.83%,0.07%,1.25%,6.6,0.03%,-1.80%,-1.83%,-1.96%,-2.61%,-1.28%,0.00%,1.68%,5.29%,5.29%,16.24%,30.55%,5.74%,31.24%,45.19%,14.48%,0.02,6.56%,5.52%,22.06%,22.92%,21.46%,5/17/2024 8:30:00 AM,9.99%,-1.09%,999.23,6.89,344269,0.34,0.34,0.38,0.34,0.37,8.79%,,2024-07-15 09:15:00
42,NAK,Northern Dynasty Minerals Ltd.,Canada,190.89,526.75,2.04%,0.00%,13.83%,0.07%,1.25%,6.6,0.00%,0.00%,-4.05%,-4.05%,-5.79%,-6.58%,-5.31%,-4.03%,1.00%,1.00%,11.49%,25.22%,1.43%,25.89%,39.27%,9.81%,0.02,6.56%,5.52%,17.08%,17.90%,16.50%,5/17/2024 8:30:00 AM,1.43%,2.88%,999.23,11.4,569498,0.34,0.35,0.36,0.35,0.35,4.35%,,2024-07-15 09:30:00
92,NAK,Northern Dynasty Minerals Ltd.,Canada,196.11,526.75,2.04%,0.00%,13.83%,0.07%,1.25%,6.6,-0.03%,0.97%,0.97%,0.97%,0.63%,1.31%,-4.03%,-1.46%,3.76%,3.76%,14.54%,28.64%,4.20%,29.33%,43.08%,12.81%,0.02,6.56%,5.52%,20.28%,21.12%,19.68%,5/17/2024 8:30:00 AM,4.20%,2.88%,999.23,8.64,746812,0.34,0.35,0.36,0.35,0.36,7.20%,,2024-07-15 09:45:00
132,NAK,Northern Dynasty Minerals Ltd.,Canada,195.41,526.75,2.04%,0.00%,13.83%,0.07%,1.25%,6.6,-0.38%,-0.38%,-0.36%,0.39%,-0.19%,0.00%,0.94%,-3.07%,3.39%,3.39%,14.13%,28.18%,3.83%,28.87%,42.57%,12.40%,0.02,6.56%,5.52%,19.85%,20.69%,19.26%,5/17/2024 8:30:00 AM,3.83%,2.88%,999.23,7.19,884439,0.34,0.35,0.37,0.35,0.36,6.82%,,2024-07-15 10:00:00
10,OPTT,Ocean Power Technologies,USA,39.26,85.17,5.84%,0.00%,3.92%,-13.16%,11.17%,9.51,-0.96%,0.93%,4.08%,18.03%,18.03%,17.62%,18.74%,17.87%,19.89%,19.89%,8.47%,183.29%,82.43%,40.77%,-29.44%,37.34%,0.06,19.73%,21.78%,69.56%,104.60%,54.62%,7/25/2024 4:30:00 PM,19.89%,-1.25%,29053.24,2.04,2961619,0.37,0.36,0.44,0.36,0.43,18.39%,,2024-07-15 08:15:00
11,OPTT,Ocean Power Technologies,USA,38.85,85.17,5.84%,0.00%,3.92%,-13.16%,11.17%,9.51,-0.09%,3.34%,4.81%,3.69%,6.84%,3.00%,17.51%,17.38%,18.65%,18.65%,7.35%,180.35%,80.54%,39.31%,-30.17%,35.92%,0.06,19.73%,21.78%,67.81%,102.48%,53.01%,7/25/2024 4:30:00 PM,18.65%,-1.25%,29053.24,4.11,5975788,0.37,0.36,0.44,0.36,0.43,17.16%,,2024-07-15 08:30:00
13,OPTT,Ocean Power Technologies,USA,36.81,85.17,5.84%,0.00%,3.92%,-13.16%,11.17%,9.51,0.00%,0.87%,0.07%,-0.27%,0.22%,-2.96%,-2.42%,11.33%,12.40%,12.40%,1.70%,165.60%,71.04%,31.98%,-33.85%,28.77%,0.06,19.73%,21.78%,58.98%,91.83%,44.96%,7/25/2024 4:30:00 PM,12.40%,-1.25%,29053.24,5.14,7473168,0.37,0.36,0.44,0.36,0.41,10.99%,,2024-07-15 08:45:00
12,OPTT,Ocean Power Technologies,USA,35.91,85.17,5.84%,0.00%,3.92%,-13.16%,11.17%,9.51,0.51%,-0.15%,1.82%,1.79%,0.81%,-1.71%,-5.32%,8.62%,9.67%,9.67%,-0.77%,159.14%,66.88%,28.77%,-35.46%,25.63%,0.06,19.73%,21.78%,55.11%,87.16%,41.44%,7/25/2024 4:30:00 PM,9.67%,-1.25%,29053.24,5.75,8351206,0.37,0.36,0.44,0.36,0.4,8.29%,,2024-07-15 09:00:00
12,OPTT,Ocean Power Technologies,USA,35.73,85.17,5.84%,0.00%,3.92%,-13.16%,11.17%,9.51,-0.48%,-0.50%,-0.90%,-0.90%,0.23%,-0.90%,-2.20%,-5.28%,7.28%,9.12%,-1.27%,157.83%,66.04%,28.12%,-35.78%,25.00%,0.06,19.73%,21.78%,54.33%,86.22%,40.72%,7/25/2024 4:30:00 PM,9.12%,-1.25%,29053.24,6.02,8739153,0.37,0.36,0.44,0.36,0.4,7.75%,,2024-07-15 09:15:00
23,OPTT,Ocean Power Technologies,USA,35.64,85.17,5.84%,0.00%,3.92%,-13.16%,11.17%,9.51,-1.48%,0.18%,-2.45%,-2.14%,-1.10%,-0.51%,-1.15%,-6.03%,7.68%,8.84%,-1.52%,157.18%,65.62%,27.80%,-35.95%,24.68%,0.06,19.73%,21.78%,53.94%,85.75%,40.37%,7/25/2024 4:30:00 PM,0.20%,7.26%,29053.24,6.3,9153102,0.37,0.39,0.39,0.39,0.39,7.47%,,2024-07-15 09:30:00
48,OPTT,Ocean Power Technologies,USA,34.62,85.17,5.84%,0.00%,3.92%,-13.16%,11.17%,9.51,0.39%,0.21%,-0.08%,-0.60%,-1.64%,-4.09%,-3.36%,-5.25%,4.71%,5.72%,-4.35%,149.80%,60.87%,24.13%,-37.78%,21.11%,0.06,19.73%,21.78%,49.52%,80.42%,36.34%,7/25/2024 4:30:00 PM,-2.67%,7.26%,29053.24,4.5,11303054,0.37,0.39,0.41,0.38,0.38,4.39%,,2024-07-15 09:45:00
73,OPTT,Ocean Power Technologies,USA,36.18,85.17,5.84%,0.00%,3.92%,-13.16%,11.17%,9.51,0.65%,1.37%,1.73%,2.77%,2.54%,4.28%,0.25%,0.35%,9.44%,10.50%,-0.02%,161.10%,68.14%,29.74%,-34.97%,26.58%,0.06,19.73%,21.78%,56.28%,88.57%,42.50%,7/25/2024 4:30:00 PM,1.73%,7.26%,29053.24,3.56,12739337,0.37,0.39,0.41,0.38,0.4,9.11%,,2024-07-15 10:00:00
2,PHUN,Phunware Inc,USA,63.6,7.91,1.45%,8.10%,20.52%,,13.27%,1.05,-0.50%,-0.38%,-1.00%,-2.22%,-2.22%,-1.74%,-1.74%,-1.74%,-1.74%,-1.74%,37.98%,37.02%,8.94%,110.64%,-60.30%,93.17%,0.57,5.96%,7.59%,41.44%,27.81%,-4.27%,5/9/2024 4:30:00 PM,-3.41%,40.65%,364.42,111.11,2024633,5.83,8.2,8.27,7.88,7.92,35.85%,,2024-07-15 07:15:00
3,PHUN,Phunware Inc,USA,62.39,7.91,1.45%,8.10%,20.52%,,13.27%,1.05,0.13%,-0.51%,-0.51%,1.83%,-0.77%,-4.78%,-0.26%,-3.60%,-3.60%,-3.60%,35.37%,34.43%,6.88%,106.65%,-61.05%,89.51%,0.57,5.96%,7.59%,38.76%,25.39%,-6.09%,5/9/2024 4:30:00 PM,-5.24%,40.65%,364.42,124.0,2259368,5.83,8.2,8.27,7.52,7.77,33.28%,,2024-07-15 07:30:00
3,PHUN,Phunware Inc,USA,62.39,7.91,1.45%,8.10%,20.52%,,13.27%,1.05,0.13%,-0.51%,-0.51%,1.83%,-0.77%,-4.78%,-0.26%,-3.60%,-3.60%,-3.60%,35.37%,34.43%,6.88%,106.65%,-61.05%,89.51%,0.57,5.96%,7.59%,38.76%,25.39%,-6.09%,5/9/2024 4:30:00 PM,-5.24%,40.65%,364.42,124.0,2259368,5.83,8.2,8.27,7.52,7.77,33.28%,,2024-07-15 07:45:00
4,PHUN,Phunware Inc,USA,57.49,7.91,1.45%,8.10%,20.52%,,13.27%,1.05,-3.76%,-4.91%,-5.17%,-6.89%,-7.01%,-7.73%,-12.25%,-11.17%,-11.17%,-11.17%,24.74%,23.88%,-1.51%,90.43%,-64.11%,74.63%,0.57,5.96%,7.59%,27.87%,15.54%,-13.46%,5/9/2024 4:30:00 PM,-12.68%,40.65%,364.42,149.66,2726964,5.83,8.2,8.35,7.03,7.16,22.81%,,2024-07-15 08:00:00
3,PHUN,Phunware Inc,USA,61.03,7.91,1.45%,8.10%,20.52%,,13.27%,1.05,1.33%,0.53%,0.13%,-0.52%,0.62%,2.71%,-2.06%,-0.13%,-5.71%,-5.71%,32.40%,31.49%,4.54%,102.13%,-61.90%,85.37%,0.61,5.96%,7.59%,35.73%,22.64%,-8.14%,5/9/2024 4:30:00 PM,-7.32%,40.65%,364.42,163.24,2974334,5.83,8.2,8.9,7.03,7.6,30.36%,,2024-07-15 08:15:00
3,PHUN,Phunware Inc,USA,62.31,7.91,1.45%,8.10%,20.52%,,13.27%,1.05,0.00%,1.70%,1.31%,3.19%,5.58%,2.65%,-2.66%,-4.90%,-3.72%,-3.72%,35.19%,34.26%,6.74%,106.38%,-61.10%,89.27%,0.61,5.96%,7.59%,38.58%,25.23%,-6.21%,5/9/2024 4:30:00 PM,-5.37%,40.65%,364.42,169.25,3083939,5.83,8.2,8.9,7.03,7.76,33.10%,,2024-07-15 08:30:00
5,PHUN,Phunware Inc,USA,60.39,7.91,1.45%,8.10%,20.52%,,13.27%,1.05,0.13%,0.27%,0.27%,1.35%,0.00%,-2.21%,-0.53%,-3.09%,-6.70%,-6.70%,31.01%,30.10%,3.44%,100.00%,-62.31%,83.41%,0.61,5.96%,7.59%,34.30%,21.35%,-9.11%,5/9/2024 4:30:00 PM,-8.29%,40.65%,364.42,173.91,3168923,5.83,8.2,8.9,7.03,7.52,28.99%,,2024-07-15 08:45:00
4,PHUN,Phunware Inc,USA,62.63,7.91,1.45%,8.10%,20.52%,,13.27%,1.05,-0.26%,-1.02%,0.52%,1.96%,3.46%,3.04%,1.43%,-2.16%,-3.23%,-3.23%,35.89%,34.95%,7.29%,107.45%,-60.90%,90.24%,0.61,5.96%,7.59%,39.30%,25.87%,-5.72%,5/9/2024 4:30:00 PM,-4.88%,40.65%,364.42,183.12,3336688,5.83,8.2,8.9,7.03,7.8,33.79%,,2024-07-15 09:00:00
4,PHUN,Phunware Inc,USA,62.63,7.91,1.45%,8.10%,20.52%,,13.27%,1.05,0.65%,1.04%,-0.26%,1.69%,-1.02%,0.00%,3.04%,3.17%,0.13%,-3.23%,35.89%,34.95%,7.29%,107.45%,-60.90%,90.24%,0.61,5.96%,7.59%,39.30%,25.87%,-5.72%,5/9/2024 4:30:00 PM,-4.88%,40.65%,364.42,196.5,3580460,5.83,8.2,8.9,7.03,7.8,33.79%,,2024-07-15 09:15:00
6,PHUN,Phunware Inc,USA,58.3,7.91,1.45%,8.10%,20.52%,,13.27%,1.05,-3.20%,-2.68%,-4.47%,-5.10%,-6.32%,-6.68%,-6.92%,-5.59%,-11.03%,-9.92%,26.48%,25.61%,-0.14%,93.09%,-63.61%,77.08%,0.51,5.96%,7.59%,29.66%,17.16%,-12.25%,5/9/2024 4:30:00 PM,-3.33%,28.82%,364.42,214.19,3902709,5.83,7.51,7.49,7.26,7.26,24.53%,,2024-07-15 09:30:00
4,PHUN,Phunware Inc,USA,53.08,7.91,1.45%,8.10%,20.52%,,13.27%,1.05,-1.19%,-2.72%,-3.78%,-2.63%,-7.29%,-6.77%,-15.04%,-12.68%,-14.82%,-17.99%,15.16%,14.36%,-9.08%,75.80%,-66.87%,61.22%,0.51,5.96%,7.59%,18.05%,6.67%,-20.11%,5/9/2024 4:30:00 PM,-11.98%,28.82%,364.42,180.57,5694671,5.83,7.51,7.49,6.6,6.61,13.38%,,2024-07-15 09:45:00
6,PHUN,Phunware Inc,USA,54.64,7.91,1.45%,8.10%,20.52%,,13.27%,1.05,0.06%,0.35%,-0.67%,0.80%,1.85%,3.96%,-4.04%,-12.77%,-14.66%,-15.58%,18.53%,17.71%,-6.41%,80.95%,-65.90%,65.95%,0.51,5.96%,7.59%,21.51%,9.80%,-17.76%,5/9/2024 4:30:00 PM,-9.40%,28.82%,364.42,149.69,6713982,5.83,7.51,7.49,6.51,6.8,16.70%,,2024-07-15 10:00:00
11,POWW,AMMO Inc,USA,212.12,89.26,25.11%,-1.46%,27.59%,-8.60%,3.19%,2.85,0.55%,0.57%,0.57%,0.60%,0.55%,-0.01%,-2.21%,-0.01%,1.13%,1.13%,11.94%,-28.52%,-27.94%,-15.25%,-19.47%,-15.25%,0.11,3.64%,6.72%,3.06%,-18.56%,-22.62%,6/13/2024 4:30:00 PM,-1.67%,9.04%,703.25,2.86,100710,1.66,1.81,1.86,1.74,1.78,7.22%,,2024-07-15 08:15:00
12,POWW,AMMO Inc,USA,212.14,89.26,25.11%,-1.46%,27.59%,-8.60%,3.19%,2.85,0.00%,0.00%,0.00%,-0.56%,-0.54%,0.58%,-2.20%,0.06%,1.14%,1.14%,11.95%,-28.51%,-27.94%,-15.24%,-19.46%,-15.24%,0.11,3.64%,6.72%,3.07%,-18.55%,-22.61%,6/13/2024 4:30:00 PM,-1.66%,9.04%,703.25,3.04,106894,1.66,1.81,1.86,1.74,1.78,7.23%,,2024-07-15 08:30:00
14,POWW,AMMO Inc,USA,210.95,89.26,25.11%,-1.46%,27.59%,-8.60%,3.19%,2.85,-1.12%,-0.56%,-0.03%,-0.53%,-0.02%,-0.56%,0.05%,-2.75%,0.57%,0.57%,11.32%,-28.92%,-28.34%,-15.71%,-19.91%,-15.71%,0.11,3.64%,6.72%,2.49%,-19.01%,-23.05%,6/13/2024 4:30:00 PM,-2.21%,9.04%,703.25,3.13,109933,1.66,1.81,1.86,1.74,1.77,6.63%,,2024-07-15 08:45:00
13,POWW,AMMO Inc,USA,213.33,89.26,25.11%,-1.46%,27.59%,-8.60%,3.19%,2.85,0.56%,0.56%,0.56%,0.02%,0.56%,0.02%,0.56%,-1.65%,1.70%,1.70%,12.58%,-28.11%,-27.53%,-14.76%,-19.00%,-14.76%,0.11,3.64%,6.72%,3.65%,-18.09%,-22.18%,6/13/2024 4:30:00 PM,-1.10%,9.04%,703.25,3.48,122539,1.66,1.81,1.86,1.74,1.79,7.83%,,2024-07-15 09:00:00
13,POWW,AMMO Inc,USA,213.32,89.26,25.11%,-1.46%,27.59%,-8.60%,3.19%,2.85,0.55%,-0.01%,-0.01%,0.03%,-0.01%,-0.01%,0.01%,1.14%,0.56%,1.70%,12.57%,-28.12%,-27.53%,-14.77%,-19.01%,-14.77%,0.11,3.64%,6.72%,3.64%,-18.10%,-22.18%,6/13/2024 4:30:00 PM,-1.11%,9.04%,703.25,3.62,127301,1.66,1.81,1.86,1.74,1.79,7.83%,,2024-07-15 09:15:00
24,POWW,AMMO Inc,USA,214.49,89.26,25.11%,-1.46%,27.59%,-8.60%,3.19%,2.85,-0.57%,-0.57%,-1.61%,-0.57%,1.11%,0.55%,0.54%,1.11%,1.16%,2.26%,13.19%,-27.72%,-27.14%,-14.30%,-18.57%,-14.30%,0.1,3.64%,6.72%,4.21%,-17.65%,-21.75%,6/13/2024 4:30:00 PM,-1.12%,9.64%,703.25,8.22,289170,1.66,1.82,1.82,1.79,1.8,8.42%,,2024-07-15 09:30:00
49,POWW,AMMO Inc,USA,223.46,89.26,25.11%,-1.46%,27.59%,-8.60%,3.19%,2.85,-0.18%,-1.06%,-1.32%,-3.35%,-0.63%,4.17%,4.75%,4.77%,3.02%,6.53%,17.92%,-24.70%,-24.09%,-10.71%,-15.16%,-10.71%,0.11,3.64%,6.72%,8.57%,-14.20%,-18.48%,6/13/2024 4:30:00 PM,3.02%,9.64%,703.25,16.13,981476,1.66,1.82,1.96,1.79,1.88,12.95%,,2024-07-15 09:45:00
75,POWW,AMMO Inc,USA,236.57,89.26,25.11%,-1.46%,27.59%,-8.60%,3.19%,2.85,1.02%,0.76%,-0.22%,-0.70%,0.78%,6.20%,10.28%,10.89%,9.07%,12.78%,24.84%,-20.28%,-19.64%,-5.48%,-10.18%,-5.48%,0.12,3.64%,6.72%,14.94%,-9.17%,-13.70%,6/13/2024 4:30:00 PM,9.07%,9.64%,703.25,17.68,1530399,1.66,1.82,2.02,1.79,1.99,19.58%,,2024-07-15 10:00:00
5,RUM,Rumble Inc,USA,1861.79,69.94,75.21%,-1.26%,9.12%,160.55%,19.74%,13.8,0.00%,-0.75%,-0.75%,-0.75%,-0.15%,-0.15%,-0.15%,-0.15%,-0.15%,-0.15%,15.59%,13.60%,3.77%,77.90%,-24.83%,46.99%,0.3,3.98%,4.13%,17.64%,5.66%,12.01%,5/14/2024 4:30:00 PM,-2.51%,13.97%,1138.4,8.49,483405,5.94,6.77,6.83,6.6,6.6,11.11%,,2024-07-15 07:15:00
8,RUM,Rumble Inc,USA,1822.3,69.94,75.21%,-1.26%,9.12%,160.55%,19.74%,13.8,-0.46%,-0.77%,-0.77%,-0.77%,-2.42%,-1.37%,-2.12%,-2.27%,-2.27%,-2.27%,13.13%,11.19%,1.57%,74.12%,-26.42%,43.88%,0.3,3.98%,4.13%,15.14%,3.42%,9.63%,5/14/2024 4:30:00 PM,-4.58%,13.97%,1138.4,9.52,541818,5.94,6.77,6.83,6.46,6.46,8.75%,,2024-07-15 07:30:00
8,RUM,Rumble Inc,USA,1822.3,69.94,75.21%,-1.26%,9.12%,160.55%,19.74%,13.8,-0.46%,-0.77%,-0.77%,-0.77%,-2.42%,-1.37%,-2.12%,-2.27%,-2.27%,-2.27%,13.13%,11.19%,1.57%,74.12%,-26.42%,43.88%,0.3,3.98%,4.13%,15.14%,3.42%,9.63%,5/14/2024 4:30:00 PM,-4.58%,13.97%,1138.4,9.52,541818,5.94,6.77,6.83,6.46,6.46,8.75%,,2024-07-15 07:45:00
9,RUM,Rumble Inc,USA,1864.61,69.94,75.21%,-1.26%,9.12%,160.55%,19.74%,13.8,2.16%,2.16%,2.16%,2.16%,2.32%,2.32%,-0.15%,0.00%,0.00%,0.00%,15.76%,13.77%,3.93%,78.17%,-24.72%,47.22%,0.31,3.98%,4.13%,17.81%,5.82%,12.18%,5/14/2024 4:30:00 PM,-2.36%,13.97%,1138.4,11.19,636669,5.94,6.77,6.95,6.44,6.61,11.28%,,2024-07-15 08:00:00
9,RUM,Rumble Inc,USA,1808.2,69.94,75.21%,-1.26%,9.12%,160.55%,19.74%,13.8,0.00%,-0.62%,-0.62%,-0.77%,0.31%,0.16%,-0.93%,-1.84%,-3.03%,-3.03%,12.26%,10.33%,0.79%,72.78%,-26.99%,42.76%,0.33,3.98%,4.13%,14.25%,2.62%,8.78%,5/14/2024 4:30:00 PM,-5.32%,13.97%,1138.4,11.88,676241,5.94,6.77,7.29,6.37,6.41,7.91%,,2024-07-15 08:15:00
9,RUM,Rumble Inc,USA,1827.94,69.94,75.21%,-1.26%,9.12%,160.55%,19.74%,13.8,0.46%,0.00%,0.47%,0.47%,0.62%,0.47%,-3.82%,-2.11%,-1.97%,-1.97%,13.49%,11.53%,1.89%,74.66%,-26.20%,44.32%,0.33,3.98%,4.13%,15.50%,3.74%,9.97%,5/14/2024 4:30:00 PM,-4.28%,13.97%,1138.4,12.16,692377,5.94,6.77,7.29,6.37,6.48,9.09%,,2024-07-15 08:30:00
11,RUM,Rumble Inc,USA,1822.3,69.94,75.21%,-1.26%,9.12%,160.55%,19.74%,13.8,0.59%,0.00%,0.16%,0.31%,-0.62%,-0.46%,0.16%,0.00%,-2.27%,-2.27%,13.13%,11.19%,1.57%,74.12%,-26.42%,43.88%,0.33,3.98%,4.13%,15.14%,3.42%,9.63%,5/14/2024 4:30:00 PM,-4.58%,13.97%,1138.4,12.42,707022,5.94,6.77,7.29,6.37,6.46,8.75%,,2024-07-15 08:45:00
10,RUM,Rumble Inc,USA,1884.36,69.94,75.21%,-1.26%,9.12%,160.55%,19.74%,13.8,0.30%,1.37%,1.52%,1.83%,2.77%,3.09%,2.93%,-0.85%,1.06%,1.06%,16.99%,14.97%,5.03%,80.05%,-23.92%,48.78%,0.33,3.98%,4.13%,19.06%,6.95%,13.37%,5/14/2024 4:30:00 PM,-1.33%,13.97%,1138.4,13.87,789685,5.94,6.77,7.29,6.37,6.68,12.46%,,2024-07-15 09:00:00
10,RUM,Rumble Inc,USA,1881.77,69.94,75.21%,-1.26%,9.12%,160.55%,19.74%,13.8,-0.73%,-0.29%,0.01%,0.62%,0.77%,-0.88%,2.94%,3.42%,1.07%,0.92%,16.83%,14.82%,4.89%,79.81%,-24.02%,48.57%,0.33,3.98%,4.13%,18.90%,6.80%,13.21%,5/14/2024 4:30:00 PM,-1.47%,13.97%,1138.4,15.21,865798,5.94,6.77,7.29,6.37,6.67,12.30%,,2024-07-15 09:15:00
20,RUM,Rumble Inc,USA,1875.9,69.94,75.21%,-1.26%,9.12%,160.55%,19.74%,13.8,-0.75%,-0.75%,-2.62%,-0.75%,0.15%,-0.60%,-1.19%,2.47%,0.45%,0.61%,16.46%,14.46%,4.56%,79.25%,-24.26%,48.11%,0.29,3.98%,4.13%,18.53%,6.46%,12.86%,5/14/2024 4:30:00 PM,-0.89%,12.96%,1138.4,20.41,1161797,5.94,6.71,6.72,6.6,6.65,11.95%,,2024-07-15 09:30:00
42,RUM,Rumble Inc,USA,1781.4,69.94,75.21%,-1.26%,9.12%,160.55%,19.74%,13.8,0.20%,-0.08%,-0.08%,-0.52%,-3.73%,-6.72%,-5.61%,-2.55%,-2.24%,-4.46%,10.60%,8.69%,-0.71%,70.22%,-28.08%,40.65%,0.3,3.98%,4.13%,12.56%,1.10%,7.17%,5/14/2024 4:30:00 PM,-5.89%,12.96%,1138.4,20.46,2015737,5.94,6.71,6.83,6.25,6.32,6.31%,,2024-07-15 09:45:00
66,RUM,Rumble Inc,USA,1827.94,69.94,75.21%,-1.26%,9.12%,160.55%,19.74%,13.8,0.76%,0.86%,0.93%,1.09%,1.65%,3.84%,-4.28%,-3.71%,-3.82%,-1.97%,13.49%,11.53%,1.89%,74.66%,-26.20%,44.32%,0.3,3.98%,4.13%,15.50%,3.74%,9.97%,5/14/2024 4:30:00 PM,-3.43%,12.96%,1138.4,16.82,2357187,5.94,6.71,6.83,6.24,6.48,9.09%,,2024-07-15 10:00:00
159,RVMD,Revolution Medicines Inc,USA,7447.65,137.26,16.81%,-0.47%,82.63%,7.96%,11.72%,16.09,-0.37%,-0.37%,-0.37%,-0.37%,0.02%,0.02%,0.02%,0.02%,1.39%,2.64%,20.28%,15.68%,20.66%,57.39%,67.56%,57.39%,1.75,5.74%,3.81%,15.45%,15.84%,47.04%,5/8/2024 4:30:00 PM,0.53%,3.58%,1351.15,2.3,3062082,43.35,44.9,45.26,43.27,45.14,4.13%,45.83,2024-07-15 07:00:00
13,RVMD,Revolution Medicines Inc,USA,7924.47,137.26,16.81%,-0.47%,82.63%,7.96%,11.72%,16.09,-1.98%,-0.76%,-1.98%,-4.42%,0.06%,-5.84%,6.88%,6.88%,6.88%,6.88%,21.35%,20.11%,33.16%,69.72%,81.04%,67.47%,2.92,5.74%,3.81%,22.04%,22.76%,56.06%,5/8/2024 4:30:00 PM,6.88%,-0.44%,1351.15,2.76,186180,45.14,44.94,55.75,37.53,48.03,6.40%,,2024-07-15 08:15:00
14,RVMD,Revolution Medicines Inc,USA,8233.0,137.26,16.81%,-0.47%,82.63%,7.96%,11.72%,16.09,-0.10%,-4.00%,-4.06%,-4.04%,3.83%,3.10%,10.45%,11.09%,11.04%,11.04%,26.07%,24.78%,38.34%,76.33%,88.09%,73.99%,2.92,5.74%,3.81%,26.79%,27.54%,62.13%,5/8/2024 4:30:00 PM,11.04%,-0.44%,1351.15,4.98,336196,45.14,44.94,55.75,37.53,49.9,10.54%,,2024-07-15 08:30:00
16,RVMD,Revolution Medicines Inc,USA,7886.52,137.26,16.81%,-0.47%,82.63%,7.96%,11.72%,16.09,0.10%,-1.44%,0.02%,-1.09%,-3.97%,-2.45%,-1.24%,6.36%,6.36%,6.36%,20.77%,19.53%,32.52%,68.90%,80.17%,66.67%,2.92,5.74%,3.81%,21.46%,22.17%,55.31%,5/8/2024 4:30:00 PM,6.36%,-0.44%,1351.15,6.52,440786,45.14,44.94,55.75,37.53,47.8,5.89%,,2024-07-15 08:45:00
15,RVMD,Revolution Medicines Inc,USA,7870.04,137.26,16.81%,-0.47%,82.63%,7.96%,11.72%,16.09,-1.85%,-2.63%,-2.65%,-1.95%,-0.62%,-0.10%,-4.50%,5.58%,6.14%,6.14%,20.52%,19.28%,32.24%,68.55%,79.80%,66.32%,2.92,5.74%,3.81%,21.20%,21.92%,54.99%,5/8/2024 4:30:00 PM,6.14%,-0.44%,1351.15,8.71,588483,45.14,44.94,55.75,37.53,47.7,5.67%,,2024-07-15 09:00:00
16,RVMD,Revolution Medicines Inc,USA,8035.01,137.26,16.81%,-0.47%,82.63%,7.96%,11.72%,16.09,-0.02%,-0.02%,0.62%,0.62%,-0.55%,2.10%,1.99%,-0.61%,8.37%,8.37%,23.04%,21.78%,35.02%,72.08%,83.57%,69.80%,2.92,5.74%,3.81%,23.74%,24.47%,58.23%,5/8/2024 4:30:00 PM,8.37%,-0.44%,1351.15,9.05,611684,45.14,44.94,55.75,37.53,48.7,7.89%,,2024-07-15 09:15:00
31,RVMD,Revolution Medicines Inc,USA,7828.78,137.26,16.81%,-0.47%,82.63%,7.96%,11.72%,16.09,-0.11%,-0.11%,0.85%,-3.14%,-4.04%,-2.59%,-1.64%,-3.16%,5.63%,5.59%,19.88%,18.65%,31.55%,67.67%,78.85%,65.45%,1.84,5.74%,3.81%,20.57%,21.28%,54.17%,5/8/2024 4:30:00 PM,0.00%,5.12%,1351.15,11.56,781119,45.14,47.45,48.23,47.45,47.45,5.12%,,2024-07-15 09:30:00
93,RVMD,Revolution Medicines Inc,USA,7508.69,137.26,16.81%,-0.47%,82.63%,7.96%,11.72%,16.09,-0.15%,1.27%,1.11%,2.51%,3.23%,3.20%,-2.92%,-5.66%,0.73%,1.27%,14.98%,13.80%,26.17%,60.81%,71.54%,58.68%,2.02,5.74%,3.81%,15.64%,16.32%,47.87%,5/8/2024 4:30:00 PM,-4.09%,5.12%,1351.15,14.57,2422811,45.14,47.45,48.23,42.61,45.51,0.82%,,2024-07-15 10:00:00
140,SMR,NuScale Power Corporation,USA,1358.2,77.81,12.11%,-1.57%,32.33%,4.26%,19.19%,14.93,-0.07%,-0.07%,-0.13%,-0.13%,-0.13%,-0.14%,-0.07%,-0.39%,-0.46%,-0.29%,25.53%,71.21%,188.35%,506.32%,101.05%,366.26%,1.29,11.69%,11.76%,41.04%,77.60%,202.07%,8/8/2024 4:30:00 PM,14.99%,2.14%,5219.98,2.54,12852645,13.06,13.34,15.7,12.95,15.34,17.46%,15.23,2024-07-15 07:00:00
10,SMR,NuScale Power Corporation,USA,1456.48,77.81,12.11%,-1.57%,32.33%,4.26%,19.19%,14.93,0.00%,0.24%,0.30%,0.38%,0.94%,1.92%,3.61%,3.46%,3.46%,3.46%,20.16%,94.67%,212.14%,602.99%,109.02%,400.00%,1.27,11.69%,11.76%,46.60%,86.33%,220.71%,8/8/2024 4:30:00 PM,3.39%,3.72%,5219.98,2.31,603661,15.34,15.91,16.45,15.4,16.45,7.24%,,2024-07-15 08:30:00
12,SMR,NuScale Power Corporation,USA,1451.17,77.81,12.11%,-1.57%,32.33%,4.26%,19.19%,14.93,0.01%,0.01%,-0.06%,0.00%,-0.12%,-0.53%,1.55%,2.76%,3.08%,3.08%,19.72%,93.96%,211.01%,600.43%,108.26%,398.18%,1.28,11.69%,11.76%,46.07%,85.65%,219.54%,8/8/2024 4:30:00 PM,3.02%,3.72%,5219.98,2.56,668858,15.34,15.91,16.48,15.4,16.39,6.84%,,2024-07-15 08:45:00
11,SMR,NuScale Power Corporation,USA,1430.81,77.81,12.11%,-1.57%,32.33%,4.26%,19.19%,14.93,0.00%,-0.36%,-0.62%,-1.10%,-1.66%,-1.41%,-1.93%,1.79%,1.64%,1.64%,18.04%,91.24%,206.64%,590.60%,105.34%,391.19%,1.28,11.69%,11.76%,44.02%,83.05%,215.06%,8/8/2024 4:30:00 PM,1.57%,3.72%,5219.98,2.92,762567,15.34,15.91,16.49,15.4,16.16,5.35%,,2024-07-15 09:00:00
11,SMR,NuScale Power Corporation,USA,1447.2,77.81,12.11%,-1.57%,32.33%,4.26%,19.19%,14.93,-0.03%,0.03%,0.22%,0.52%,0.81%,1.21%,-0.28%,1.27%,2.74%,2.80%,19.40%,93.43%,210.16%,598.51%,107.69%,396.81%,1.28,11.69%,11.76%,45.67%,85.14%,218.67%,8/8/2024 4:30:00 PM,2.74%,3.72%,5219.98,3.09,807370,15.34,15.91,16.49,15.4,16.35,6.55%,,2024-07-15 09:15:00
21,SMR,NuScale Power Corporation,USA,1479.5,77.81,12.11%,-1.57%,32.33%,4.26%,19.19%,14.93,-0.59%,-0.55%,-0.53%,0.54%,2.08%,2.26%,3.47%,1.41%,5.09%,5.09%,22.06%,97.75%,217.08%,614.10%,112.33%,407.90%,1.3,11.69%,11.76%,48.92%,89.28%,225.78%,8/8/2024 4:30:00 PM,-0.65%,9.65%,5219.98,3.71,967400,15.34,16.82,16.75,16.71,16.71,8.93%,,2024-07-15 09:30:00
45,SMR,NuScale Power Corporation,USA,1468.06,77.81,12.11%,-1.57%,32.33%,4.26%,19.19%,14.93,1.57%,1.85%,1.29%,2.04%,0.71%,-0.83%,1.47%,1.16%,3.95%,4.28%,21.12%,96.22%,214.62%,608.58%,110.68%,403.97%,1.31,11.69%,11.76%,47.76%,87.81%,223.26%,8/8/2024 4:30:00 PM,-1.42%,9.65%,5219.98,6.37,2875711,15.34,16.82,16.9,15.95,16.58,8.09%,,2024-07-15 09:45:00
70,SMR,NuScale Power Corporation,USA,1455.6,77.81,12.11%,-1.57%,32.33%,4.26%,19.19%,14.93,0.06%,0.06%,-0.48%,-0.30%,0.98%,0.49%,-1.67%,1.80%,3.55%,3.40%,20.09%,94.56%,211.95%,602.56%,108.89%,399.70%,1.31,11.69%,11.76%,46.51%,86.22%,220.52%,8/8/2024 4:30:00 PM,-2.26%,9.65%,5219.98,5.81,3731788,15.34,16.82,16.9,15.95,16.44,7.17%,,2024-07-15 10:00:00
